bits_param,message_length,avg_hash_time,avg_verify_time,avg_total_time
512,10,3.029999788850546e-05,0.00014334000879898668,0.0001944800023920834
512,100,2.060001716017723e-05,6.551998667418957e-05,9.29600209929049e-05
512,1000,2.51400051638484e-05,6.631998112425209e-05,0.00010209998581558465
512,5000,3.578000469133258e-05,7.80800124630332e-05,0.0001341200084425509
1024,10,2.908000024035573e-05,0.00020075999200344085,0.00023831998696550728
1024,100,1.2420001439750195e-05,0.00030559999868273735,0.0003222399856895208
1024,1000,4.592000041157007e-05,0.0002636000048369169,0.00032839999767020345
1024,5000,2.5419995654374362e-05,0.00019057999597862362,0.0002300600055605173

